,index,home_team_total_fifa_points,home_team_fifa_rank,away_team_total_fifa_points,away_team_fifa_rank
7196,14271,1016,9,615,44
7197,16777,578,52,293,104
7198,15216,180,147,519,59
7199,19865,551,66,1035,17
7200,18886,1316,5,338,110
7201,15764,436,80,818,23
7202,21407,994,167,954,176
7203,21159,1621,5,1539,19
7204,21683,1390,58,1503,27
7205,21680,1430,50,1191,109
7206,20096,300,111,465,72
7207,20432,1050,12,1298,3
7208,18646,184,155,287,125
7209,21980,1346,69,1464,39
7210,18178,228,140,90,176
7211,18295,293,114,244,135
7212,22877,1285,82,1617,15
7213,22380,1413,53,1367,64
7214,20356,1018,14,353,95
7215,18634,220,147,110,176
7216,21915,1586,16,1483,34
7217,22767,1290,83,987,168
7218,20827,1109,133,1111,132
7219,23708,1436,52,1211,98
7220,21177,1494,26,1344,71
7221,22464,1048,151,1460,40
7222,14511,1142,6,477,70
7223,15172,563,53,1053,8
7224,17972,171,150,780,32
7225,18582,72,181,163,161
7226,15619,430,83,578,54
7227,18434,319,106,135,164
7228,18762,73,183,116,173
7229,23341,1350,69,1541,24
7230,18523,1070,12,917,21
7231,17678,158,144,295,107
7232,16263,537,65,1483,1
7233,19462,819,31,183,145
7234,19681,616,56,241,131
7235,17562,231,125,1499,3
7236,17855,329,99,96,174
7237,16930,246,122,268,118
7238,19142,411,86,533,65
7239,14823,978,14,663,39
7240,16654,918,17,729,38
7241,17597,112,171,120,165
7242,17951,393,83,900,22
7243,15274,615,45,625,40
7244,15717,995,14,570,53
7245,15654,246,134,341,104
7246,18897,325,115,222,144
7247,22813,1361,67,1397,58
7248,15880,530,60,581,52
7249,20844,1568,13,1367,62
7250,22885,1658,9,1423,50
7251,22370,1269,88,1180,108
7252,21115,1494,26,1258,93
7253,17700,117,165,151,146
7254,16742,139,150,403,83
7255,21888,1086,132,1157,121
7256,17149,84,169,13,199
7257,22745,1641,8,1300,81
7258,23554,1346,70,1464,42
7259,14322,10,197,179,141
7260,20542,944,180,900,195
7261,22630,1135,125,872,198
7262,19921,784,34,669,49
7263,17086,411,80,255,123
7264,19365,333,105,205,141
7265,22710,1156,119,1149,123
7266,18423,384,87,902,22
7267,22803,1089,136,1423,50
7268,23375,1507,33,1385,62
7269,15942,344,102,538,57
7270,22057,1334,71,1160,117
7271,16948,79,174,6,204
7272,14942,938,16,254,131
7273,19410,1266,8,355,91
7274,18447,273,129,265,133
7275,18742,1181,8,1077,10
7276,17938,1012,16,502,68
7277,19940,872,25,1065,15
7278,21226,986,168,900,195
7279,23137,1368,66,1531,24
7280,17591,838,31,360,95
7281,16072,451,80,593,51
7282,20174,172,149,192,144
7283,16388,680,40,733,33
7284,17335,551,55,389,84
7285,23038,1832,1,1754,4
7286,14730,411,83,526,60
7287,16622,358,96,461,77
7288,18299,293,120,549,63
7289,22669,1648,6,1569,18
7290,22432,1235,98,1662,5
7291,17382,480,69,323,102
7292,15687,412,87,192,145
7293,17871,291,110,1037,14
7294,23899,1262,89,1117,134
7295,23141,1348,73,1092,134
7296,20108,281,118,112,166
7297,17442,587,52,733,35
7298,23322,1350,69,1448,46
7299,21907,913,187,986,168
7300,21839,1395,55,933,181
7301,20557,1120,130,1167,116
7302,15305,869,19,365,96
7303,23573,1342,72,1421,55
7304,23532,1453,47,1421,55
7305,17989,464,74,535,63
7306,23621,1133,126,1282,83
7307,19695,521,69,1207,8
7308,17742,295,107,158,144
7309,15006,573,54,372,89
7310,15226,106,168,519,59
7311,17605,241,121,156,150
7312,15176,438,79,435,80
7313,19787,249,127,191,146
7314,20773,1334,72,1112,131
7315,17690,586,58,495,73
7316,23254,1257,89,1642,12
7317,23739,1338,73,1276,85
7318,21291,1368,61,1342,69
7319,15502,499,65,627,40
7320,20678,1597,9,1612,6
7321,16143,312,108,380,96
7322,15527,330,104,313,112
7323,17614,241,121,303,107
7324,15819,18,201,97,171
7325,16355,530,67,291,116
7326,17398,563,54,268,115
7327,17344,417,78,715,33
7328,19720,109,175,87,181
7329,16774,550,55,596,49
7330,17915,405,80,293,109
7331,21146,1335,73,1122,128
7332,17618,183,142,228,124
7333,21567,1009,159,1360,65
7334,15397,177,147,528,59
7335,19426,140,158,145,156
7336,15820,22,198,153,152
7337,22186,1669,4,1467,36
7338,19743,1549,2,391,85
7339,22439,1617,11,951,176
7340,20106,369,96,389,89
7341,20746,1432,42,1392,56
7342,18808,1319,4,539,61
7343,17177,832,27,1149,11
7344,17910,1038,13,244,124
7345,16912,857,22,893,19
7346,15083,86,179,149,155
7347,20523,1284,86,1056,148
7348,17640,158,144,519,67
7349,23429,1064,142,1151,117
7350,23511,1160,112,982,167
7351,17976,847,26,1441,1
7352,20164,796,32,871,26
7353,20105,867,25,752,38
7354,22083,1237,97,1236,98
7355,21977,1011,162,1331,73
7356,21299,1207,105,1105,131
7357,14660,359,94,106,167
7358,19508,303,115,174,151
7359,17824,542,64,310,105
7360,20355,1050,12,884,23
7361,23585,1433,53,1486,37
7362,15259,167,149,717,30
7363,20275,1166,7,775,31
7364,14378,105,160,298,108
7365,21983,1537,24,1608,12
7366,17181,1052,14,434,71
7367,23085,1280,85,1116,131
7368,21506,1331,74,972,174
7369,23118,1046,151,957,175
7370,22615,1290,83,1060,147
7371,17022,375,84,288,107
7372,17280,1118,10,300,106
7373,18075,349,98,239,132
7374,15823,1037,11,431,83
7375,20203,176,148,102,171
7376,15241,39,189,206,138
7377,21137,1256,94,900,195
7378,22579,1123,129,1157,118
7379,23274,1030,156,862,199
7380,20428,1198,6,884,23
7381,21349,908,190,992,167
7382,16346,395,89,609,50
7383,18028,172,155,128,167
7384,14434,398,86,893,17
7385,22369,1492,30,1662,5
7386,22923,1752,4,1031,156
7387,17857,369,91,329,99
7388,15010,260,129,383,84
7389,16643,151,149,504,72
7390,18327,663,44,760,36
7391,23310,1335,75,1307,78
7392,15785,627,40,781,29
7393,20473,1536,19,1484,29
7394,20435,1758,49,2104,6
7395,22558,1460,39,1106,130
7396,18528,1082,11,646,42
7397,22538,1081,138,1102,134
7398,19202,467,75,298,111
7399,19878,400,88,429,79
7400,18127,286,120,410,79
7401,23879,1551,24,1050,149
7402,22403,1424,52,914,187
7403,16393,836,21,726,35
7404,21183,1604,8,1647,4
7405,18430,743,36,263,135
7406,14646,280,110,72,183
7407,17100,1444,5,8,203
7408,19847,641,53,606,61
7409,20092,199,142,706,45
7410,14466,195,133,115,158
7411,22431,1180,108,1492,30
7412,22437,1487,32,1082,136
7413,22445,1427,50,1103,133
7414,20914,1178,113,1160,118
7415,20775,937,181,1080,141
7416,23780,1286,83,842,205
7417,19427,636,53,475,72
7418,23057,1244,94,1515,28
7419,19223,587,57,386,90
7420,14394,806,26,455,71
7421,17429,833,28,705,39
7422,20112,260,124,651,51
7423,23670,995,163,1131,127
7424,21043,1219,103,963,174
7425,22479,1629,11,1415,52
7426,19128,134,164,152,159
7427,17171,421,76,1242,7
7428,22872,1474,37,1752,4
7429,23058,1606,18,1176,109
7430,20519,1286,85,957,175
7431,21189,1484,29,900,195
7432,20484,1540,17,1535,20
7433,17249,561,50,510,63
7434,20019,62,184,31,196
7435,16752,203,128,72,173
7436,15197,861,18,672,36
7437,21777,1287,85,1252,94
7438,15782,870,19,1289,3
7439,15201,335,101,450,72
7440,21641,1490,31,923,183
7441,18865,627,45,369,92
7442,16624,421,85,551,62
7443,23332,1525,28,1441,48
7444,14915,603,44,568,55
7445,17814,546,61,382,85
7446,22325,1312,78,1009,162
7447,20804,873,203,977,168
7448,17530,962,19,521,70
7449,19492,636,53,316,112
7450,15567,337,101,45,192
7451,19657,340,97,149,160
7452,18025,701,40,679,43
7453,19274,254,127,231,133
7454,16121,688,39,458,82
7455,20937,1296,81,1196,109
7456,22207,934,180,1065,145
7457,21231,1681,3,1365,62
7458,15262,205,139,575,53
7459,20407,1241,5,945,20
7460,18041,935,18,349,98
7461,18032,426,76,545,62
7462,22416,1115,128,1187,104
7463,16646,151,150,219,127
7464,23674,1709,7,1674,8
7465,14579,114,160,150,152
7466,22977,1492,31,1522,25
7467,21584,1206,105,1391,57
7468,20383,520,61,773,32
7469,18830,243,137,1041,14
7470,23484,1647,12,1643,13
7471,14529,1605,1,572,52
7472,22069,1351,66,1167,116
7473,23654,1472,39,1535,27
7474,17612,278,114,234,123
7475,19775,90,180,293,110
7476,21542,1652,4,1149,120
7477,23483,1378,62,1346,70
7478,18104,590,53,575,57
7479,22876,1342,72,1273,88
7480,22992,1334,74,1658,9
7481,19312,300,114,291,119
7482,19719,290,112,815,29
7483,22047,1376,63,1076,137
7484,20451,1052,163,1059,162
7485,18333,546,64,760,36
7486,20152,1609,1,1228,6
7487,14490,411,81,737,32
7488,16463,501,70,724,33
7489,21257,1580,13,1396,55
7490,22689,918,183,879,197
7491,15211,909,17,991,13
7492,15530,280,122,298,117
7493,16089,214,138,785,31
7494,23451,1306,79,1484,35
7495,16787,1042,11,665,42
7496,19652,866,25,599,60
7497,15761,375,95,146,154
7498,18508,423,81,789,31
7499,17708,154,145,536,62
7500,16721,1340,2,478,72
7501,22560,850,205,1340,70
7502,15893,496,68,524,62
7503,18259,90,176,605,48
7504,17760,989,19,926,23
7505,19123,1071,14,468,74
7506,20436,2036,12,2014,15
7507,21950,1009,158,975,171
7508,21744,1235,98,999,161
7509,18878,11,203,338,110
7510,18223,244,135,871,26
7511,23655,1131,126,1122,131
7512,17870,547,61,95,173
7513,15323,845,21,486,66
7514,19430,331,100,115,169
7515,20280,268,119,124,161
7516,20631,1525,21,1568,12
7517,22143,1664,4,1593,16
7518,19229,216,138,298,111
7519,21154,1613,6,1327,74
7520,15362,13,200,45,185
7521,17799,226,122,284,111
7522,19938,1446,3,576,63
7523,21539,1489,32,1388,60
7524,16411,309,108,79,173
7525,19455,418,83,615,60
7526,21238,1207,105,1424,49
7527,14733,26,196,160,147
7528,21355,1077,140,1015,158
7529,20272,289,111,189,145
7530,16426,814,24,610,50
7531,16769,87,165,203,128
7532,15128,976,12,907,18
7533,18089,305,111,7,202
7534,16793,1460,1,496,68
7535,21569,886,200,1154,118
7536,18794,336,113,354,99
7537,19688,1267,6,375,89
7538,17934,118,168,529,65
7539,20323,411,78,308,107
7540,20608,1261,92,1202,108
7541,22265,1215,101,1356,65
7542,15376,1207,4,1139,7
7543,23360,1529,28,1428,52
7544,23562,1282,83,1264,88
7545,22734,1196,104,1106,131
7546,21364,1219,101,1278,85
7547,23784,1035,154,1117,134
7548,19870,328,103,55,187
7549,19371,271,124,122,170
7550,22474,1505,29,1168,110
7551,21780,1163,119,955,176
7552,14365,374,86,544,59
7553,19824,55,187,420,82
7554,20950,1229,100,1414,50
7555,21637,1272,88,1078,137
7556,23705,1153,116,1123,130
7557,14374,348,92,463,69
7558,15806,80,174,89,169
7559,16039,1222,4,1136,6
7560,19756,123,165,363,93
7561,15957,779,29,953,15
7562,23620,1118,132,1118,133
7563,18919,1322,4,468,75
7564,19675,1249,7,713,40
7565,22746,1639,9,1476,35
7566,16124,865,22,241,130
7567,20508,1508,22,1657,3
7568,19584,103,176,115,169
7569,16873,913,17,731,33
7570,19754,722,37,290,112
7571,20856,1335,70,1371,61
7572,20424,908,22,945,20
7573,15750,949,17,1437,2
7574,22372,1370,63,888,195
7575,14489,29,189,277,116
7576,18551,347,97,631,46
7577,18721,1181,8,751,34
7578,17056,262,117,1099,12
7579,16896,330,103,418,80
7580,15675,696,34,810,24
7581,14707,393,91,461,70
7582,18154,344,98,289,118
7583,18771,846,26,851,25
7584,23661,971,169,1398,58
7585,22314,914,187,1124,127
7586,20052,54,185,178,148
7587,21624,1476,35,1462,40
7588,15215,126,161,125,162
7589,19138,932,19,515,68
7590,16141,458,82,241,130
7591,18043,5,203,286,120
7592,20708,1550,15,1568,12
7593,20747,1109,133,1265,92
7594,18997,318,111,1227,7
7595,15250,572,55,541,57
7596,20693,1116,131,1254,93
7597,23099,970,168,1181,107
7598,17508,300,109,985,18
7599,23320,1190,103,1350,70
7600,22343,1280,86,1386,60
7601,23889,1371,66,1169,110
7602,19793,778,33,1007,16
7603,20559,928,184,1207,105
7604,19290,202,142,191,146
7605,22394,1279,87,1436,48
7606,23074,1326,76,1130,127
7607,20512,999,163,868,206
7608,22228,1345,69,1153,119
7609,17592,815,27,937,18
7610,19786,713,40,995,17
7611,21437,1453,42,922,182
7612,20078,121,162,909,22
7613,18189,202,144,71,187
7614,17724,580,60,818,28
7615,14717,119,162,77,178
7616,15482,159,152,126,163
7617,18475,305,109,565,58
7618,21538,1277,87,1277,87
7619,23190,1497,33,1192,103
7620,20243,1228,6,1359,4
7621,15146,608,42,358,95
7622,15813,270,117,234,130
7623,16499,871,20,869,21
7624,19266,1443,3,1113,14
7625,22264,1550,20,1402,55
7626,17386,328,100,241,125
7627,22150,1485,32,1418,52
7628,15446,1106,8,944,18
7629,21360,868,202,997,163
7630,22941,1337,73,1420,52
7631,17498,727,39,678,43
7632,16224,550,60,452,78
7633,16308,301,113,240,131
7634,19953,562,65,1444,4
7635,20239,530,63,1185,9
7636,16416,1159,6,605,52
7637,21875,1055,147,1546,20
7638,18120,164,157,66,186
7639,18491,718,39,741,38
7640,17568,916,23,841,30
7641,20188,151,152,77,184
7642,14312,284,110,90,172
7643,23787,1275,86,1153,116
7644,18905,305,120,594,49
7645,19258,793,33,274,122
7646,16722,282,108,203,128
7647,17107,557,48,320,100
7648,17404,338,96,464,71
7649,17968,169,151,347,94
7650,18272,547,64,805,28
7651,23632,1375,63,1497,33
7652,17788,926,23,806,31
7653,21510,867,204,996,163
7654,14569,106,167,359,94
7655,21359,1515,22,1501,25
7656,23102,1254,90,1494,31
7657,21692,1719,3,1482,34
7658,14318,791,28,530,60
7659,22540,1129,128,1017,160
7660,16571,242,124,293,112
7661,23309,981,166,1052,148
7662,15367,38,193,41,189
7663,22132,1200,105,1136,124
7664,22871,1031,156,802,209
7665,18756,802,31,1503,1
7666,17261,861,23,1420,3
7667,20264,289,111,239,131
7668,17774,315,103,519,67
7669,14999,74,183,34,193
7670,22680,1184,105,1052,149
7671,17582,556,61,1094,13
7672,19827,1085,14,361,99
7673,20909,1271,88,1229,100
7674,22578,1609,12,1081,138
7675,20343,400,83,361,95
7676,21694,1084,134,1140,124
7677,22550,1165,112,1043,152
7678,17186,41,186,163,149
7679,22603,1161,117,1039,154
7680,14532,792,25,1570,2
7681,18044,1223,6,198,142
7682,16511,554,59,631,47
7683,16961,203,134,78,175
7684,23288,1274,85,1545,22
7685,20200,502,68,68,185
7686,18590,179,157,190,152
7687,16521,1077,11,1050,12
7688,20705,1395,55,1339,70
7689,21063,1356,66,1051,150
7690,17170,420,76,569,46
7691,18718,1077,10,885,20
7692,17219,228,129,61,179
7693,15341,677,35,572,55
7694,14980,1075,9,679,37
7695,21889,934,180,1426,51
7696,19893,155,154,292,112
7697,15533,430,84,632,39
7698,20704,1398,54,1632,5
7699,14303,942,12,232,124
7700,17937,893,23,183,145
7701,23852,1466,40,1650,12
7702,15742,277,118,146,154
7703,21244,1346,68,1365,62
7704,21390,1144,122,1074,139
7705,23169,1230,96,1000,160
7706,16261,993,14,255,123
7707,14518,366,94,661,39
7708,16535,141,158,351,99
7709,17340,340,97,61,178
7710,21696,1201,107,1181,112
7711,20860,1449,38,1490,27
7712,19741,737,35,716,38
7713,15738,389,92,450,77
7714,17427,346,92,291,110
7715,20589,976,169,985,165
7716,16336,180,144,142,155
7717,18641,350,96,292,123
7718,23142,1185,106,1555,20
7719,20735,974,169,937,181
7720,23128,1606,18,1435,46
7721,16515,368,96,322,103
7722,20786,1449,38,1548,17
7723,15413,689,36,619,46
7724,15357,260,128,281,119
7725,23753,1621,16,1789,3
7726,17007,263,115,437,69
7727,16319,316,107,452,78
7728,17433,527,62,529,61
7729,20784,995,164,955,175
7730,22341,1341,71,1424,52
7731,22358,1410,56,1427,50
7732,21851,1392,56,1198,107
7733,19065,1361,5,1273,6
7734,20665,1537,18,1526,20
7735,15097,477,74,349,97
7736,23295,1354,69,1364,65
7737,19937,1322,6,1033,17
7738,14616,941,16,785,28
7739,18616,947,15,164,159
7740,20805,1125,127,1216,103
7741,20499,1207,105,1080,141
7742,16220,572,58,829,24
7743,17315,283,113,597,49
7744,20722,1101,136,1364,64
7745,17517,594,56,482,72
7746,17483,45,187,55,181
7747,23506,1465,41,1547,25
7748,16358,998,12,1219,3
7749,14527,187,136,406,85
7750,15719,227,138,362,99
7751,18548,334,103,457,78
7752,20143,238,129,370,95
7753,19849,917,23,343,101
7754,18850,289,126,436,79
7755,22271,1387,59,920,184
7756,20040,269,120,193,142
7757,17375,342,95,390,84
7758,17942,251,121,381,88
7759,21393,1550,20,1044,152
7760,22987,1516,27,1752,4
7761,15879,433,82,380,95
7762,21589,1083,135,1111,128
7763,15331,1232,4,323,107
7764,19003,1645,1,719,36
7765,19017,217,143,424,81
7766,22044,1612,12,959,175
7767,14554,151,152,231,131
7768,16138,380,96,133,161
7769,20270,880,24,548,57
7770,18544,554,64,561,59
7771,15243,453,73,590,50
7772,23180,1250,92,1545,22
7773,21862,1474,37,1755,1
7774,23269,1250,91,1230,96
7775,15861,573,55,287,115
7776,22381,1440,45,1548,22
7777,19051,73,186,57,192
7778,17005,194,138,135,153
7779,15489,446,79,308,115
7780,19183,261,124,451,78
7781,15620,427,86,168,148
7782,19281,121,170,183,149
7783,21672,1493,29,1409,53
7784,18887,445,78,674,39
7785,20199,406,82,673,47
7786,16528,720,34,861,22
7787,14357,90,172,430,75
7788,20003,279,114,199,143
7789,15105,976,12,1052,8
7790,21825,1252,94,1498,28
7791,14994,805,24,1114,8
7792,22443,1171,114,1207,101
7793,16532,307,109,180,143
7794,15962,523,65,413,91
7795,23746,1210,99,1149,117
7796,23624,1578,20,1510,31
7797,16716,226,122,215,125
7798,21367,896,195,997,163
7799,17673,410,78,369,91
7800,21071,1505,24,1363,65
7801,22921,1270,89,1567,19
7802,18090,1204,7,501,69
7803,14523,564,53,123,156
7804,19564,1511,3,1049,17
7805,15338,874,18,196,142
7806,16034,438,85,348,103
7807,20643,889,201,1303,81
7808,16674,514,69,196,133
7809,23104,1648,11,867,197
7810,17343,780,31,657,38
7811,19039,57,192,74,186
7812,15476,189,143,166,151
7813,16518,595,53,1039,13
7814,22825,1079,137,1282,84
7815,22297,1074,140,942,179
7816,18705,184,155,238,142
7817,17776,88,177,532,63
7818,23243,1357,67,1282,83
7819,18779,41,196,4,203
7820,21856,1189,111,1524,24
7821,14254,338,96,221,127
7822,20787,1372,60,1435,40
7823,21046,1206,108,1111,132
7824,19314,227,135,1317,6
7825,22097,1744,2,1653,5
7826,22999,1797,2,1543,22
7827,19472,1511,3,11,204
7828,18726,302,115,93,180
7829,15614,130,162,313,112
7830,17279,542,57,297,107
7831,15426,722,30,555,56
7832,21411,1333,71,1084,135
7833,14902,559,57,526,64
7834,14614,182,141,114,162
7835,17285,1388,4,715,34
7836,21534,1350,67,1583,14
7837,22449,1384,61,1066,146
7838,19904,213,140,101,175
7839,22917,1159,115,1427,48
7840,20814,1054,150,1407,52
7841,22718,1598,16,1374,62
7842,16307,595,53,695,36
7843,19130,1621,1,1361,5
7844,18673,423,81,311,112
7845,18877,1136,11,151,165
7846,19379,560,63,415,84
7847,14294,753,31,806,26
7848,17947,212,135,336,96
7849,23502,1588,17,1510,31
7850,18933,154,161,602,50
7851,17303,300,106,954,17
7852,18062,835,28,899,22
7853,16282,679,40,468,76
7854,22647,1364,65,1020,159
7855,23760,1553,23,1832,1
7856,18149,722,36,407,80
7857,20921,1264,91,1405,53
7858,16702,597,51,612,48
7859,19378,420,83,1025,17
7860,19335,331,106,455,78
7861,14485,473,71,584,49
7862,22743,1605,14,1648,6
7863,14496,893,17,1158,5
7864,16417,1066,8,514,71
7865,19268,177,151,219,137
7866,20859,1515,22,1422,47
7867,16161,1008,13,723,35
7868,20236,264,122,255,124
7869,23507,1163,109,1418,56
7870,20306,499,64,545,58
7871,18637,174,157,554,63
7872,22438,1224,100,1379,62
7873,14368,260,114,39,185
7874,20520,900,195,912,190
7875,20416,1182,8,985,16
7876,16472,609,51,513,67
7877,18069,245,131,123,168
7878,20566,1300,81,980,168
7879,15868,949,16,640,38
7880,16210,493,72,787,27
7881,19987,641,53,913,22
7882,23402,1478,36,1512,30
7883,21127,1647,4,1554,16
7884,20049,300,111,215,138
7885,19170,165,156,122,167
7886,15264,606,48,547,56
7887,22575,1555,20,1629,11
7888,19530,168,153,89,180
7889,23024,1060,144,1314,77
7890,19656,599,60,866,25
7891,19919,473,74,428,80
7892,18643,815,30,603,50
7893,17112,132,155,420,76
7894,21854,1586,16,1286,86
7895,19294,859,24,1120,12
7896,21120,1607,7,1604,8
7897,18900,728,38,749,35
7898,19965,391,90,409,86
7899,21325,1158,118,1423,50
7900,23867,1635,14,1674,8
7901,18578,302,116,276,128
7902,16229,550,60,291,116
7903,21568,1091,132,1467,37
7904,14494,468,73,306,107
7905,19417,647,52,828,30
7906,23219,1070,141,1057,145
7907,18251,793,30,88,177
7908,23066,940,180,1658,10
7909,22691,1609,12,1757,2
7910,19629,580,64,203,138
7911,14837,462,74,224,138
7912,21462,904,192,1088,133
7913,16292,987,15,499,70
7914,15199,472,68,448,74
7915,15740,456,75,171,148
7916,16062,317,109,267,123
7917,19037,122,167,74,186
7918,17145,364,89,616,40
7919,19969,428,80,450,77
7920,23518,1497,34,1587,18
7921,19131,792,30,839,26
7922,15565,43,193,333,102
7923,16834,487,69,830,21
7924,16574,280,117,229,127
7925,15741,517,63,480,72
7926,17306,368,88,480,69
7927,16682,454,74,385,87
7928,17397,408,80,346,92
7929,15421,442,77,4,204
7930,21798,1651,4,1371,61
7931,23304,1431,50,1534,24
7932,16582,544,63,683,42
7933,21500,1497,28,939,181
7934,23772,1388,59,1446,48
7935,17652,120,162,117,164
7936,23841,1286,83,1025,156
7937,14504,301,109,195,134
7938,23742,1658,9,1452,46
7939,19697,714,40,1549,2
7940,15744,389,92,787,26
7941,17150,309,103,554,53
7942,22684,1330,73,1258,92
7943,14943,576,51,575,52
7944,18763,529,68,301,117
7945,20027,31,196,279,118
7946,17030,1091,13,740,27
7947,15210,705,33,579,51
7948,18449,789,31,423,81
7949,22757,1458,40,1631,10
7950,21817,1034,156,1102,130
7951,14253,325,101,328,98
7952,21691,1293,83,1299,81
7953,22001,1598,16,1765,1
7954,21793,1399,54,1285,87
7955,16807,550,55,902,18
7956,20818,855,211,955,175
7957,18873,208,149,206,150
7958,18531,479,75,1307,5
7959,18440,609,47,332,101
7960,17973,293,109,39,193
7961,22601,1151,120,1331,72
7962,21563,1375,62,1214,103
7963,15999,617,48,582,52
7964,16658,233,124,194,134
7965,15059,298,114,523,59
7966,20168,919,23,791,33
7967,23646,1076,140,1061,145
7968,20606,1444,41,1463,35
7969,17469,260,118,548,57
7970,23877,917,183,1504,30
7971,23797,1158,115,917,183
7972,20198,507,65,689,43
7973,17459,529,61,548,57
7974,16718,183,134,155,141
7975,17817,517,68,303,105
7976,17129,429,73,878,22
7977,17511,265,116,425,82
7978,22321,1548,22,1437,47
7979,22050,1653,5,1642,7
7980,20541,1336,70,1227,100
7981,14870,113,166,95,174
7982,20567,1471,32,1723,2
7983,16129,581,55,381,94
7984,15139,477,74,207,143
7985,16248,94,170,176,145
7986,16875,1299,2,1189,4
7987,22529,1410,54,1161,116
7988,21230,1198,108,1210,103
7989,15031,931,17,725,32
7990,16856,731,33,1090,10
7991,17852,66,180,127,164
7992,18494,626,44,341,97
7993,23873,1276,85,1338,73
7994,19730,272,116,368,91
7995,22154,1351,66,1274,89
7996,15203,374,92,636,40
7997,21233,1582,11,1580,13
7998,15760,834,21,333,104
7999,17766,160,143,586,58
8000,21221,909,188,923,184
8001,20452,1449,101,1534,84
8002,20986,1582,11,1478,32
8003,18287,273,125,320,107
8004,16415,458,80,671,42
8005,21232,1485,33,1516,21
8006,19925,820,29,931,20
8007,18902,655,40,848,26
8008,21645,1253,94,1094,131
8009,22692,1056,148,1078,141
8010,19959,366,94,503,70
8011,20798,967,173,1277,87
8012,23691,1435,53,1267,87
8013,18790,339,106,312,120
8014,15986,899,20,393,96
8015,17142,220,133,641,37
8016,23069,1531,24,791,210
8017,22086,1076,137,917,186
8018,23162,1672,9,1416,55
8019,17169,371,87,287,111
8020,18036,170,156,671,45
8021,14726,537,59,297,113
8022,21000,864,208,881,202
8023,19475,684,47,475,72
8024,21623,1201,107,1299,81
8025,19781,384,86,271,116
8026,17713,929,22,1508,2
8027,17265,636,40,521,60
8028,19231,515,68,610,53
8029,15766,178,146,367,98
8030,19046,331,104,313,113
8031,22483,955,175,1425,48
8032,19465,140,158,341,97
8033,21412,1009,159,1229,99
8034,18469,318,107,117,174
8035,18318,132,166,193,150
8036,19233,742,33,686,39
8037,19642,365,93,296,109
8038,20057,52,189,543,63
8039,17933,810,30,5,202
8040,21379,1319,76,1205,106
8041,22123,1179,112,1236,98
8042,17024,1023,15,473,63
8043,21840,1715,3,1617,9
8044,16400,753,29,698,39
8045,16148,641,43,671,40
8046,18619,802,31,1328,3
8047,23054,1118,129,1266,88
8048,18769,947,15,842,27
8049,20319,1345,3,1306,4
8050,14747,386,91,361,98
8051,22573,1452,42,1418,51
8052,17118,373,86,255,123
8053,16347,236,134,595,53
8054,15143,995,10,1456,1
8055,19982,626,57,1094,13
8056,20548,892,199,1304,79
8057,21297,1198,108,1092,134
8058,16977,1735,1,1604,2
8059,23623,1472,39,1740,6
8060,21327,1219,101,1557,18
8061,20655,1344,68,947,178
8062,18869,1022,15,915,19
8063,15261,326,106,1232,4
8064,17996,67,184,302,113
8065,16272,593,56,475,74
8066,20968,1558,16,1481,31
8067,17003,491,59,645,38
8068,23521,1766,4,1411,58
8069,16841,483,67,1063,12
8070,21861,831,209,1157,121
8071,19911,141,157,669,49
8072,15066,362,94,517,63
8073,21732,1206,105,1212,102
8074,19820,769,34,147,156
8075,23716,1466,40,1761,5
8076,14816,544,61,301,111
8077,15327,590,50,453,73
8078,15790,354,102,263,124
8079,19394,317,107,524,68
8080,18357,515,67,551,63
8081,16694,1506,1,1134,8
8082,19164,206,146,93,179
8083,15649,384,92,606,45
8084,15779,489,69,432,83
8085,21479,909,189,953,178
8086,18545,540,67,551,65
8087,21999,1283,87,1356,66
8088,16606,427,82,179,142
8089,22943,1223,101,909,188
8090,14977,148,156,86,179
8091,19634,1002,16,442,76
8092,19115,539,64,609,49
8093,15702,192,145,110,164
8094,18203,297,113,355,96
8095,19277,274,122,621,55
8096,17225,308,104,115,161
8097,23008,1251,91,1310,79
8098,19613,530,68,1002,16
8099,16541,502,69,550,60
8100,16789,33,188,23,194
8101,22300,1755,2,1521,24
8102,16067,230,134,206,143
8103,22891,1171,108,1337,73
8104,15171,307,108,331,102
8105,21928,1336,73,1040,153
8106,21964,1059,147,1219,100
8107,15845,575,54,623,41
8108,22116,1381,59,1267,92
8109,21845,1129,127,1441,45
8110,23732,1674,8,1635,14
8111,14824,115,166,502,66
8112,17032,488,60,295,106
8113,20623,1499,24,1487,28
8114,23347,1190,103,1397,60
8115,21570,1144,122,1006,161
8116,21392,1205,106,1319,76
8117,21042,1036,154,952,176
8118,23106,1092,135,1455,41
8119,22834,1147,122,1278,85
8120,18347,552,62,515,67
8121,22277,1019,159,1495,30
8122,18749,851,24,1069,11
8123,17545,55,181,7,201
8124,21187,1484,29,1102,132
8125,17239,368,88,374,86
8126,21600,1235,98,1019,157
8127,16731,284,106,42,184
8128,18826,848,26,579,52
8129,23357,1087,137,1339,73
8130,22457,1114,129,1625,10
8131,23271,1137,125,1157,114
8132,21543,1401,55,1448,43
8133,16096,872,22,927,17
8134,23823,960,175,1203,103
8135,23432,1397,60,1512,30
8136,19599,318,103,530,68
8137,18925,1123,13,1140,11
8138,17204,458,67,556,48
8139,18861,588,50,1319,4
8140,22707,1648,6,1549,21
8141,17248,945,18,41,187
8142,22512,1514,24,1425,48
8143,17683,86,178,136,154
8144,14973,465,74,372,89
8145,19557,325,106,303,115
8146,23725,1500,32,1293,80
8147,17794,1183,8,382,85
8148,15559,19,200,247,130
8149,20982,1276,87,854,211
8150,14267,104,162,78,177
8151,22382,921,183,1344,70
8152,19933,510,69,714,43
8153,21721,1490,31,1435,47
8154,21337,1681,3,1516,21
8155,22502,933,180,829,207
8156,15801,83,173,55,181
8157,20427,750,34,1430,2
8158,23488,1325,74,1353,69
8159,18274,668,41,328,104
8160,19201,746,34,490,72
8161,20026,470,74,215,138
8162,19902,641,53,646,52
8163,21117,1467,36,1369,61
8164,17228,389,84,288,111
8165,23237,1146,119,1437,46
8166,17655,345,94,219,123
8167,21689,905,190,999,161
8168,21095,1181,113,908,190
8169,23395,1417,56,1516,29
8170,16704,450,75,400,84
8171,19658,737,35,98,178
8172,23307,1546,21,1416,55
8173,22359,968,171,917,186
8174,17787,989,19,371,89
8175,19544,681,48,1511,3
8176,20051,93,178,138,156
8177,19571,120,167,329,103
8178,16588,192,137,391,87
8179,20339,346,98,97,173
8180,17305,1059,13,1184,8
8181,16713,226,122,143,147
8182,23783,1262,89,903,188
8183,22007,1202,104,1267,91
8184,20365,1182,8,1134,9
8185,17058,135,153,59,184
8186,14933,805,24,1131,7
8187,21774,1077,137,938,179
8188,18847,513,67,295,124
8189,20011,144,154,117,164
8190,16338,499,70,689,38
8191,16262,422,85,1165,5
8192,19507,665,50,1119,13
8193,18914,298,122,380,89
8194,21800,1632,6,1086,132
8195,18770,802,31,1328,3
8196,18820,212,147,99,180
8197,22201,1661,5,1752,2
8198,21598,1603,12,1226,100
8199,18972,74,186,152,162
8200,22964,1166,112,1661,8
8201,23827,1653,11,1621,16
8202,20562,1012,159,1274,89
8203,15457,370,95,441,78
8204,22826,1251,94,1268,90
8205,22982,1744,5,1096,134
8206,14450,723,35,824,24
8207,22035,824,209,926,180
8208,16542,767,29,983,15
8209,21960,1059,147,1304,81
8210,20874,984,167,1224,100
8211,16241,138,158,176,145
8212,20260,444,70,656,44
8213,21491,1467,37,1082,136
8214,16293,572,58,7,205
8215,19406,331,100,472,73
8216,20981,1265,92,1369,63
8217,17803,121,162,374,88
8218,14641,170,146,774,29
8219,18976,748,35,565,59
8220,21415,1061,148,1075,137
8221,20696,1181,112,1092,138
8222,16084,927,17,1096,8
8223,22240,1065,145,1071,142
8224,21275,1515,22,1105,131
8225,19015,323,108,312,116
8226,15943,702,36,439,85
8227,19344,120,172,232,132
8228,15983,345,101,538,57
8229,17135,339,98,925,20
8230,20262,272,118,386,86
8231,19407,837,28,343,95
8232,22520,1330,73,1040,153
8233,22817,1555,20,1432,45
8234,15743,867,20,594,44
8235,17656,136,154,68,184
8236,16223,629,46,639,44
8237,18994,64,189,75,185
8238,23719,1406,57,1388,59
8239,19425,838,27,478,71
8240,17758,438,77,149,148
8241,20505,1236,98,1320,75
8242,17739,1434,4,497,72
8243,17674,173,139,784,35
8244,16080,438,85,349,102
8245,15662,497,69,581,52
8246,21453,1214,103,1277,87
8247,22063,1378,60,1418,52
8248,16806,967,15,712,38
8249,19821,1035,17,328,103
8250,22070,1381,59,1389,57
8251,17081,133,154,13,199
8252,19757,532,68,1249,7
8253,23421,1434,51,1306,79
8254,19872,789,32,327,103
8255,22026,1356,66,1089,131
8256,20629,1398,54,1339,70
8257,18387,269,132,112,175
8258,18386,505,67,192,150
8259,16403,799,26,538,65
8260,21591,1055,150,1299,81
8261,19774,292,110,254,125
8262,14308,940,13,358,90
8263,18264,581,59,258,130
8264,15156,119,164,239,132
8265,16112,723,35,1008,13
8266,15052,74,183,86,179
8267,18542,1069,10,600,50
8268,18126,1195,8,5,205
8269,15749,1150,6,945,18
8270,21288,1404,51,1158,118
8271,20226,405,83,825,28
8272,19798,388,92,629,58
8273,19349,291,119,1042,16
8274,18114,286,120,5,203
8275,15337,447,74,311,109
8276,18354,337,103,710,40
8277,19677,358,94,815,30
8278,17070,410,74,375,84
8279,22775,1511,27,1600,15
8280,21529,953,178,1425,52
8281,14857,780,27,602,48
8282,19873,887,24,977,18
8283,19197,534,65,334,102
8284,16057,1614,1,659,41
8285,20843,1669,3,1408,51
8286,22493,1276,89,1168,110
8287,14769,373,94,476,69
8288,15425,409,87,501,65
8289,17908,17,199,24,196
8290,20544,1304,79,1288,84
8291,16680,127,159,315,104
8292,21468,1496,29,1205,106
8293,16329,370,95,132,162
8294,20073,396,89,997,18
8295,23604,1755,5,1439,51
8296,18366,268,130,245,140
8297,22041,1188,108,1093,131
8298,23495,1161,111,1035,153
8299,17233,360,93,478,70
8300,16253,481,73,227,135
8301,15752,542,59,781,28
8302,20797,1067,146,1501,25
8303,23849,961,174,1261,90
8304,19952,360,97,698,46
8305,21803,1367,65,1080,136
8306,14791,188,144,300,113
8307,20757,1473,33,1472,34
8308,22730,1742,3,1600,15
8309,18506,902,22,384,87
8310,19852,486,71,646,52
8311,16090,618,47,369,98
8312,19477,327,104,882,21
8313,18396,376,88,593,51
8314,16539,1135,8,1178,4
8315,23698,1827,2,1658,10
8316,16044,1123,7,791,30
8317,16971,261,118,380,81
8318,16005,115,170,1158,5
8319,20077,737,40,353,99
8320,17213,13,199,25,193
8321,23068,1456,40,1368,66
8322,15827,18,201,153,152
8323,17064,348,92,522,52
8324,20863,973,170,937,181
8325,20025,220,135,31,196
8326,19932,305,107,409,86
8327,19385,45,196,140,160
8328,17195,312,101,277,115
8329,23079,858,203,950,178
8330,23117,1174,110,1434,48
8331,20944,1436,41,1251,95
8332,23602,1620,15,1345,71
8333,22082,1539,24,1602,14
8334,17403,733,35,705,39
8335,16192,537,65,633,45
8336,17984,756,36,1038,13
8337,17091,81,172,591,43
8338,15704,570,53,828,22
8339,17363,567,51,861,24
8340,17377,249,122,323,102
8341,21604,999,161,905,190
8342,18466,5,201,164,156
8343,16648,571,55,199,131
8344,19520,179,148,306,114
8345,15916,128,164,160,150
8346,16150,94,172,496,74
8347,14635,812,25,541,59
8348,18717,1503,1,419,82
8349,23004,906,189,1181,107
8350,23209,1639,13,1672,9
8351,17526,8,201,841,30
8352,16149,133,161,558,59
8353,19325,219,137,177,151
8354,20952,1309,79,1436,41
8355,21452,999,162,1073,142
8356,16421,225,134,652,45
8357,20394,1558,1,989,15
8358,18881,813,29,322,117
8359,17978,599,53,326,101
8360,18908,848,26,510,68
8361,21401,1174,112,1019,157
8362,23663,1035,154,1053,147
8363,20491,952,177,1036,153
8364,18243,762,32,273,125
8365,16378,1180,5,967,16
8366,20100,708,44,706,45
8367,18236,80,180,573,60
8368,16118,522,69,581,55
8369,15258,375,94,1001,11
8370,17712,807,29,4,207
8371,23631,1464,42,1643,13
8372,23647,1174,106,1259,91
8373,19042,165,156,93,179
8374,16839,967,15,613,47
8375,17480,324,102,55,181
8376,20066,52,189,476,73
8377,22855,1172,107,1255,93
8378,14320,646,40,130,154
8379,14780,781,27,996,12
8380,20090,389,89,651,51
8381,19818,977,18,404,87
8382,23328,1431,51,1335,75
8383,19036,80,183,99,176
8384,20729,937,181,1220,102
8385,17707,389,82,1377,6
8386,22448,1558,20,1040,153
8387,18577,792,31,464,77
8388,15008,753,30,363,92
8389,21642,1237,97,1064,145
8390,17850,599,54,240,124
8391,22851,972,168,1180,105
8392,23524,1336,73,899,191
8393,17417,67,176,654,43
8394,19210,889,21,1403,4
8395,21485,1149,120,1448,43
8396,20949,1317,76,1481,29
8397,20234,331,103,449,73
8398,16989,924,19,94,167
8399,16753,324,99,455,75
8400,23050,1498,30,1156,119
8401,16815,367,92,233,120
8402,18727,292,123,238,142
8403,16163,232,134,381,95
8404,17854,17,198,12,200
8405,14762,146,151,458,71
8406,16374,1262,2,732,34
8407,20303,714,37,1012,14
8408,17768,151,146,495,73
8409,23018,1371,63,1438,44
8410,19653,271,116,635,54
8411,17167,332,99,637,38
8412,23726,1122,131,1387,60
8413,18533,925,18,738,34
8414,23544,1411,57,1382,60
8415,23213,1668,10,1148,116
8416,23233,1832,1,1184,105
8417,18991,376,92,533,64
8418,16235,518,69,829,24
8419,20651,1430,44,1283,86
8420,15805,55,181,39,189
8421,20483,1260,92,1230,99
8422,17231,1564,2,1001,14
8423,19680,535,66,398,83
8424,22792,1397,58,1321,78
8425,17590,192,141,141,152
8426,18690,1503,1,571,56
8427,16478,824,26,632,47
8428,18615,317,108,278,128
8429,18355,584,58,398,86
8430,14657,787,27,719,34
8431,15486,495,67,520,62
8432,15632,269,124,172,147
8433,17790,390,81,59,187
8434,14877,95,174,131,160
8435,21084,1122,128,1074,143
8436,19383,140,160,45,196
8437,22703,1686,4,1441,44
8438,15551,159,152,183,143
8439,23372,1127,129,1138,121
8440,19512,681,48,1715,1
8441,23075,1310,79,1149,121
8442,19016,99,176,146,165
8443,14922,798,26,557,58
8444,21080,1539,18,937,181
8445,22974,1467,38,1235,99
8446,20913,1251,95,1295,82
8447,22371,1456,42,1780,1
8448,22423,1496,29,1313,76
8449,14361,841,21,942,12
8450,21704,1377,62,1662,4
8451,14729,537,59,911,16
8452,15287,623,42,400,88
8453,17115,401,82,1242,7
8454,18085,926,19,713,38
8455,19920,210,142,251,125
8456,23882,1203,103,960,175
8457,19446,681,48,635,53
8458,15350,996,12,1120,7
8459,22414,1134,125,1280,86
8460,23492,1486,37,1549,23
8461,18393,705,40,741,38
8462,14882,113,166,135,156
8463,21520,1188,109,1625,7
8464,16851,1174,5,799,25
8465,15443,548,58,776,25
8466,22408,1057,148,1263,92
8467,23596,1139,121,1100,135
8468,19838,486,70,665,47
8469,22160,1061,146,1110,128
8470,22617,1201,103,1091,135
8471,15981,344,102,391,97
8472,17080,135,153,134,155
8473,23343,1431,51,1508,32
8474,18688,941,16,630,46
8475,21755,987,167,1231,99
8476,19927,539,67,720,41
8477,14997,448,77,295,112
8478,18084,874,24,1223,6
8479,23065,1160,114,1504,29
8480,18200,881,24,1388,2
8481,17494,1770,1,549,65
8482,16627,229,124,439,81
8483,23563,1138,123,1268,87
8484,21959,1398,55,1072,144
8485,19877,1265,5,486,70
8486,20242,536,62,375,93
8487,18860,109,176,583,51
8488,22304,1487,32,1609,14
8489,17111,277,115,312,101
8490,21994,1451,44,1507,26
8491,16264,369,97,838,23
8492,23080,1493,33,1186,105
8493,21857,1367,65,1063,143
8494,17157,662,32,81,172
8495,16152,601,51,458,82
8496,16491,1036,14,850,25
8497,18330,86,179,41,196
8498,21223,907,193,917,186
8499,20584,1016,158,1410,49
8500,22259,1446,45,1466,37
8501,14419,274,117,406,85
8502,18007,117,170,246,130
8503,14589,288,109,424,83
8504,17164,645,34,1455,4
8505,14708,6,198,77,178
8506,19556,341,97,56,194
8507,22440,1478,34,1461,39
8508,23036,1181,107,846,205
8509,18588,347,97,316,110
8510,14534,274,117,359,97
8511,19851,255,125,277,116
8512,20474,1406,53,1280,87
8513,17337,533,58,989,15
8514,15104,1234,4,1288,3
8515,19807,43,191,266,120
8516,18292,245,134,350,97
8517,14272,837,22,245,120
8518,15677,776,30,606,45
8519,20756,1523,21,1420,48
8520,15604,610,44,313,112
8521,14939,778,29,595,48
8522,14382,364,88,612,45
8523,19561,56,194,325,106
8524,15454,924,19,441,78
8525,15319,401,87,778,25
8526,16209,307,109,979,16
8527,17485,57,180,73,173
8528,14833,966,15,516,65
8529,18146,326,107,486,71
8530,16994,1068,14,1506,3
8531,15857,623,41,828,22
8532,17432,260,118,522,64
8533,15997,1034,12,723,36
8534,16849,474,69,318,106
8535,20573,957,175,1306,78
8536,19295,1094,15,622,54
8537,22350,1144,120,906,190
8538,15407,706,33,722,30
8539,20912,1414,50,1120,127
8540,14989,292,113,547,60
8541,16095,550,58,338,104
8542,20927,1120,127,1251,95
8543,16271,171,149,81,175
8544,23855,1535,27,1245,92
8545,19160,802,29,650,43
8546,14645,654,39,599,47
8547,22513,1629,11,1423,50
8548,18432,233,142,917,21
8549,23560,995,163,958,175
8550,15949,391,97,333,103
8551,17266,715,33,257,121
8552,19806,399,88,400,88
8553,22524,1641,8,1569,19
8554,21179,1467,36,1074,143
8555,19166,134,164,122,167
8556,19655,398,83,676,48
8557,22806,1039,154,1161,117
8558,18205,290,118,678,39
8559,17065,140,152,117,161
8560,16333,369,97,537,65
8561,16021,244,127,327,106
8562,23221,1179,107,1112,132
8563,18455,789,31,615,46
8564,18391,119,173,370,92
8565,16382,946,17,766,27
8566,20581,1182,112,1140,123
8567,17467,260,118,713,37
8568,18867,375,91,380,88
8569,14814,1089,10,988,13
8570,17473,343,99,15,197
8571,19135,419,84,385,91
8572,17376,454,74,320,103
8573,14731,439,79,264,121
8574,20301,785,29,968,19
8575,19449,858,24,629,58
8576,14258,311,103,340,95
8577,16469,501,70,1164,6
8578,18415,844,27,442,79
8579,16068,244,127,543,59
8580,14842,881,21,746,32
8581,23469,955,176,870,196
8582,20699,1313,76,1322,74
8583,14779,258,125,573,56
8584,15309,404,86,1617,1
8585,19270,221,136,148,159
8586,14886,571,54,550,59
8587,23325,1233,94,1508,32
8588,18968,983,17,636,46
8589,21731,1029,156,1094,131
8590,21321,1335,72,1429,47
8591,20059,282,115,437,79
8592,15558,280,122,337,101
8593,22318,1187,104,1303,81
8594,16142,252,127,325,102
8595,23891,1059,146,1259,91
8596,18584,279,126,490,72
8597,18119,285,121,100,175
8598,16883,330,103,418,80
8599,18786,924,17,1310,4
8600,19208,140,163,1040,17
8601,20495,1384,58,1256,93
8602,22425,1015,160,844,207
8603,22436,1370,63,1450,44
8604,15245,486,66,845,21
8605,23168,1503,31,1065,142
8606,17611,183,142,139,156
8607,21175,1399,54,1302,79
8608,18011,347,99,567,58
8609,17297,207,136,133,156
8610,22179,1376,62,1175,114
8611,19796,1325,4,1102,12
8612,19828,1183,11,551,66
8613,14743,888,18,264,120
8614,15385,901,20,948,17
8615,20321,298,109,425,74
8616,20835,1435,40,1267,91
8617,14960,597,47,961,14
8618,16326,538,64,972,17
8619,18424,340,99,375,89
8620,17519,307,108,346,98
8621,18388,498,72,1215,8
8622,23658,1544,26,1588,18
8623,23172,1297,82,1189,104
8624,23296,1414,56,1527,26
8625,19491,335,99,325,106
8626,15325,257,129,326,106
8627,16867,1484,1,981,15
8628,21944,1070,141,1008,159
8629,22942,1277,86,1373,65
8630,17160,855,24,286,112
8631,22780,1280,87,1039,154
8632,18632,477,74,622,48
8633,23890,1503,31,1206,101
8634,18100,703,39,581,55
8635,14776,458,71,778,26
8636,21266,1342,69,1397,54
8637,15618,317,110,313,112
8638,16401,1514,1,458,80
8639,23044,963,171,1370,64
8640,14444,924,15,208,130
8641,22900,1522,25,1761,3
8642,19366,900,21,1094,15
8643,16556,23,196,147,157
8644,15638,428,84,246,134
8645,19790,116,171,199,141
8646,16870,809,23,626,46
8647,20984,1159,117,1446,40
8648,19321,414,85,356,94
8649,23729,950,177,995,163
8650,20821,1109,133,1310,76
8651,22017,1082,135,1181,110
8652,15593,552,57,446,79
8653,23527,1786,3,1439,51
8654,22980,1427,48,1606,17
8655,22983,1567,19,1170,110
8656,22250,1533,24,1636,8
8657,17020,616,42,371,86
8658,23201,905,188,1509,30
8659,16103,64,178,406,91
8660,16028,497,70,651,42
8661,22155,1188,108,1215,101
8662,19169,206,146,121,171
8663,22356,1265,90,1558,20
8664,21532,1622,8,1505,26
8665,20886,1229,100,1196,109
8666,16317,149,153,176,145
8667,18397,655,41,336,100
8668,20423,617,48,1241,5
8669,18320,771,35,368,93
8670,15069,257,127,343,98
8671,18401,999,14,1373,3
8672,19593,751,35,652,52
8673,19369,626,53,818,30
8674,22909,1467,38,1594,18
8675,18712,941,16,456,77
8676,15822,227,132,506,65
8677,23530,958,174,1139,121
8678,22395,1360,66,1670,4
8679,19031,621,49,445,78
8680,23479,935,180,1135,125
8681,16740,72,173,87,165
8682,22804,1017,160,1397,58
8683,15001,562,56,329,103
8684,14388,940,13,753,31
8685,22340,1466,37,1362,65
8686,19939,472,74,814,32
8687,23763,1267,87,1130,128
8688,16098,785,31,913,19
8689,22085,1191,107,1076,137
8690,15928,573,55,849,21
8691,15712,514,66,374,96
8692,22907,1371,66,952,177
8693,15607,281,121,552,57
8694,20069,328,102,282,115
8695,21259,1557,18,1314,78
8696,15088,329,105,519,60
8697,16681,594,52,733,37
8698,15682,259,127,609,42
8699,21009,1560,14,1501,25
8700,18797,539,61,106,177
8701,15898,633,39,329,105
8702,21795,1433,49,1195,108
8703,22310,947,178,1143,121
8704,15406,1013,12,1259,3
8705,23798,1504,30,1173,108
8706,14509,576,50,334,102
8707,16855,343,98,228,126
8708,16931,1242,3,1299,2
8709,19985,1631,1,1226,7
8710,16836,546,58,365,93
8711,15009,420,81,476,72
8712,15869,732,33,576,53
8713,16797,750,33,794,25
8714,14860,950,16,1080,11
8715,22135,1324,75,1623,9
8716,21388,1019,157,1174,112
8717,17998,217,136,338,101
8718,14519,137,154,677,38
8719,18842,269,130,85,183
8720,20192,643,49,211,139
8721,18519,499,70,550,61
8722,23266,1374,63,1038,153
8723,23616,1444,49,1091,137
8724,17364,230,128,182,144
8725,19196,692,38,316,108
8726,17930,1011,17,653,45
8727,22283,1244,95,1283,85
8728,19184,261,124,451,78
8729,17288,869,22,815,28
8730,19748,1318,5,307,105
8731,20193,100,173,611,51
8732,21505,1403,54,922,182
8733,23645,1167,111,1117,134
8734,23370,1339,73,1397,60
8735,19531,374,88,703,43
8736,22525,1511,27,1600,15
8737,15458,664,38,680,37
8738,18644,630,46,456,77
8739,19628,476,74,195,143
8740,20916,1309,79,1240,97
8741,16170,52,182,304,114
8742,15976,175,151,198,144
8743,16551,495,71,158,151
8744,18353,623,49,539,66
8745,20812,969,171,1287,84
8746,18709,1383,2,982,12
8747,16151,879,20,419,87
8748,17533,126,157,92,167
8749,21301,1429,47,1365,62
8750,20126,148,153,145,155
8751,22672,1135,125,1038,155
8752,19569,303,115,56,194
8753,21701,1442,43,1320,76
8754,17623,552,60,832,26
8755,14854,308,108,573,56
8756,16801,578,52,365,93
8757,16644,243,121,106,165
8758,17175,193,143,25,193
8759,19050,119,172,55,193
8760,19855,815,30,377,95
8761,18840,570,54,154,163
8762,23399,1324,77,1207,100
8763,15735,787,26,486,70
8764,20524,964,172,1351,66
8765,18978,584,54,587,53
8766,23383,1512,30,1190,103
8767,14424,358,97,441,77
8768,21324,1273,88,1404,51
8769,18022,1041,13,533,64
8770,18885,350,100,243,137
8771,21576,1106,129,956,175
8772,17052,924,19,184,140
8773,16536,136,160,313,105
8774,23073,1555,20,1185,106
8775,18275,941,18,717,37
8776,14700,173,145,304,112
8777,22822,1156,117,1147,121
8778,16597,291,110,314,105
8779,23489,1522,29,1572,21
8780,20946,1309,79,1264,91
8781,17786,546,61,497,72
8782,15117,519,60,283,119
8783,17104,388,85,497,64
8784,21387,1295,82,1127,128
8785,17687,117,164,127,159
8786,20245,225,134,103,171
8787,20504,1560,16,1627,5
8788,22928,1439,45,907,189
8789,17440,588,51,268,114
8790,17201,878,22,429,73
8791,14974,153,153,171,148
8792,22409,968,171,917,186
8793,19399,632,53,791,32
8794,17235,480,68,369,88
8795,20408,1430,2,884,23
8796,16056,338,104,308,114
8797,17653,251,117,582,59
8798,17350,391,83,368,88
8799,21535,1394,57,1496,29
8800,18390,350,96,161,158
8801,15710,371,97,355,101
8802,22867,1744,5,1334,75
8803,18980,828,27,885,21
8804,23464,1561,20,1451,45
8805,23246,1234,94,1430,51
8806,19683,411,82,384,86
8807,23665,1633,15,1551,24
8808,20714,1205,106,1086,141
8809,23866,1709,7,1500,33
8810,15371,4,203,38,193
8811,22253,1424,51,1612,12
8812,15814,18,201,22,198
8813,15334,610,47,364,97
8814,21618,1466,38,1395,55
8815,21932,1715,3,1466,39
8816,15427,465,72,1139,7
8817,21090,908,190,1166,117
8818,18546,824,26,464,77
8819,14821,435,81,451,78
8820,18626,842,27,19,200
8821,23579,1489,36,1446,48
8822,22625,1666,5,1283,85
8823,22897,1429,47,1166,112
8824,17793,214,127,503,71
8825,18729,1310,4,842,27
8826,19565,287,117,188,141
8827,21014,1505,24,1209,107
8828,14555,757,31,632,40
8829,21251,1501,25,1092,134
8830,23267,1542,23,1449,43
8831,23338,1431,51,1350,70
8832,22954,1255,93,1545,21
8833,19992,93,176,272,116
8834,22576,1034,158,880,195
8835,23801,1293,80,1145,120
8836,21100,1484,29,1378,59
8837,16962,413,73,527,51
8838,23738,857,203,1381,62
8839,17615,156,150,96,176
8840,22246,1351,67,1438,48
8841,22678,1364,65,1280,86
8842,23386,928,181,1285,82
8843,23353,1190,103,1262,89
8844,23614,1455,45,1242,92
8845,17192,429,73,529,58
8846,22361,1562,18,1632,9
8847,14488,554,56,495,65
8848,23751,873,195,812,209
8849,15973,838,24,441,84
8850,17187,435,70,714,29
8851,19117,463,75,204,147
8852,21632,1340,68,890,195
8853,19700,307,105,642,52
8854,16546,850,25,1036,14
8855,22060,1645,6,1579,17
8856,17047,1218,9,915,20
8857,16313,228,135,135,160
8858,23462,1437,50,1451,45
8859,18021,365,92,405,81
8860,23795,1449,47,1535,27
8861,18106,195,146,76,182
8862,20931,1436,41,1322,74
8863,16114,301,116,59,179
8864,14632,447,75,578,54
8865,17274,292,109,533,58
8866,21953,1094,131,1129,127
8867,19005,468,75,916,19
8868,23411,1274,84,980,167
8869,18916,214,144,302,118
8870,15523,427,86,810,24
8871,22202,1558,19,1634,9
8872,19023,323,110,283,126
8873,16947,286,106,256,114
8874,21674,912,187,1327,72
8875,20139,68,185,405,83
8876,18967,797,30,17,201
8877,20933,1405,53,1317,76
8878,14412,123,156,105,166
8879,16312,94,170,213,139
8880,19844,635,56,429,79
8881,22554,1512,26,1376,61
8882,18841,545,58,366,93
8883,19423,801,33,560,63
8884,19188,182,150,489,73
8885,18622,1077,10,958,14
8886,15602,405,92,552,57
8887,22946,1238,96,1455,42
8888,21112,1075,142,1060,148
8889,19257,538,65,292,118
8890,16693,550,64,1124,9
8891,18046,196,145,179,153
8892,17369,182,144,136,155
8893,22581,1514,24,1240,97
8894,18818,1330,3,620,46
8895,23593,1374,65,1269,86
8896,16104,913,19,214,138
8897,15449,262,128,447,76
8898,18437,1233,7,499,70
8899,20048,282,114,563,59
8900,15945,735,35,94,175
8901,21884,963,175,1460,40
8902,18496,809,29,857,26
8903,16548,241,129,327,102
8904,19723,794,31,678,47
8905,17299,393,81,391,83
8906,16949,79,174,28,189
8907,15063,491,70,942,16
8908,17267,512,62,631,42
8909,22998,1714,6,1285,82
8910,17907,528,66,393,83
8911,17628,298,108,341,97
8912,19983,1115,12,1618,2
8913,17488,88,170,71,175
8914,22663,1686,4,1605,14
8915,23123,1311,78,1244,95
8916,22953,1079,137,1171,108
8917,18833,338,110,218,145
8918,16211,1099,7,1165,5
8919,21213,1327,74,1155,120
8920,15700,514,66,412,87
8921,23863,950,177,1131,127
8922,23184,1222,98,1517,28
8923,18082,34,196,662,46
8924,16901,903,18,881,20
8925,20107,651,51,199,142
8926,20760,1483,28,1490,27
8927,15218,300,112,399,88
8928,23580,1572,21,1228,95
8929,22989,1273,88,907,189
8930,20162,1360,3,686,44
8931,21522,1550,20,1498,27
8932,19496,322,108,737,37
8933,15249,480,67,276,122
8934,18133,639,48,636,49
8935,19418,819,31,684,47
8936,15335,623,42,615,45
8937,21975,1011,162,1331,73
8938,20485,1599,7,1643,4
8939,19263,300,114,356,94
8940,19018,310,117,99,176
8941,15628,255,128,247,130
8942,17456,125,158,221,129
8943,19299,331,106,531,66
8944,18478,1095,10,942,20
8945,16259,650,42,959,19
8946,19097,416,85,359,95
8947,22117,1439,46,1396,55
8948,15616,159,152,126,163
8949,22727,1609,12,1468,37
8950,15435,837,22,565,55
8951,17039,623,40,723,29
8952,16724,227,122,88,165
8953,19008,762,33,252,133
8954,22739,1783,1,1666,5
8955,16444,766,27,236,129
8956,21315,1198,108,1433,45
8957,19342,353,97,1644,1
8958,16568,217,130,229,127
8959,14851,138,156,152,150
8960,22793,1361,67,1017,160
8961,17821,1056,14,523,65
8962,15637,369,95,275,119
8963,20120,211,139,77,184
8964,18428,516,64,576,55
8965,18789,95,180,174,158
8966,15961,634,44,560,55
8967,15132,572,52,1144,6
8968,21313,1192,109,1424,49
8969,22924,1359,69,1474,37
8970,15130,140,159,153,153
8971,16156,865,22,381,94
8972,22958,1474,36,1237,98
8973,23520,1446,48,1489,36
8974,21354,896,195,868,202
8975,20502,1376,60,1400,54
8976,14498,141,152,595,48
8977,21119,1506,24,1391,56
8978,20351,1345,3,635,46
8979,23090,1279,86,1129,128
8980,20579,1392,55,1471,32
8981,20654,1225,100,891,198
8982,22975,1462,41,952,177
8983,16564,66,175,128,161
8984,21218,1253,95,1224,99
8985,21495,1342,68,975,172
8986,20098,201,141,651,51
8987,19830,827,28,618,60
8988,18521,263,135,743,36
8989,18675,191,154,43,194
8990,23437,1462,40,1648,11
8991,20146,714,40,700,41
8992,22828,1403,56,1567,19
8993,14552,578,54,472,68
8994,18220,198,145,44,195
8995,17103,341,97,116,158
8996,16075,401,93,406,91
8997,19549,343,95,1266,8
8998,17071,394,78,263,115
8999,16909,731,33,1148,6
9000,15574,45,192,280,122
9001,21866,1094,131,940,178
9002,19848,423,80,663,49
9003,17873,1268,2,810,30
9004,20702,997,164,1076,143
9005,22203,1607,14,1539,23
9006,14305,524,62,807,25
9007,21976,959,175,1579,17
9008,22191,1292,84,1314,79
9009,20141,264,122,110,168
9010,22279,1311,78,1495,30
9011,15501,580,52,1178,4
9012,14661,432,79,346,97
9013,21882,1367,65,1726,2
9014,22067,1452,44,1486,31
9015,15513,317,110,269,124
9016,22105,1390,56,1378,60
9017,21449,988,170,1074,139
9018,18642,158,162,479,73
9019,17917,191,142,671,42
9020,14343,242,121,423,78
9021,14801,404,90,415,85
9022,19456,835,29,726,40
9023,16760,419,81,759,30
9024,16398,1028,11,522,69
9025,15405,573,54,447,76
9026,17421,594,50,548,57
9027,19022,487,70,17,201
9028,22298,1662,5,1180,108
9029,19550,560,63,1049,17
9030,14342,309,104,601,47
9031,20050,336,102,53,187
9032,21318,1207,105,1515,22
9033,21859,1278,89,1544,21
9034,16768,324,99,271,110
9035,22716,1631,10,1462,38
9036,18653,566,57,918,18
9037,17664,345,94,214,127
9038,21215,1078,141,1128,125
9039,23494,996,162,990,165
9040,16274,279,119,320,106
9041,19991,80,180,264,120
9042,18941,224,141,301,118
9043,17853,223,130,386,85
9044,23531,1455,45,1455,46
9045,22722,1441,44,1605,14
9046,14906,465,74,513,65
9047,22930,1483,33,1617,15
9048,17179,490,65,836,26
9049,17804,238,119,44,190
9050,14987,1131,7,603,44
9051,21733,1463,39,1272,88
9052,18190,385,88,490,68
9053,19715,351,95,614,57
9054,19034,102,173,99,176
9055,21616,1752,1,835,210
9056,15267,587,51,583,52
9057,15519,482,72,479,73
9058,21508,954,176,954,176
9059,23126,1515,28,1158,117
9060,23173,1111,133,1412,57
9061,17126,556,52,645,34
9062,15120,362,94,422,83
9063,19238,726,35,610,54
9064,20076,312,107,531,66
9065,23367,1512,30,1427,53
9066,21469,1548,22,1604,12
9067,16362,629,46,660,41
9068,21178,1549,18,1378,59
9069,19594,530,68,442,76
9070,21583,1493,29,1212,102
9071,17419,872,22,693,40
9072,14648,351,95,385,89
9073,17897,178,148,299,107
9074,21381,956,175,1074,139
9075,15755,100,166,154,152
9076,15028,938,16,573,54
9077,18125,186,149,196,145
9078,16443,128,161,263,121
9079,22628,1161,116,1081,138
9080,21922,1063,143,1520,25
9081,16299,124,163,248,128
9082,19956,834,28,406,87
9083,21770,1391,57,1206,105
9084,22789,1325,75,1069,146
9085,23842,966,171,1053,147
9086,15159,296,113,119,166
9087,18819,1001,17,1155,9
9088,22363,867,200,1073,141
9089,22276,1111,131,941,179
9090,14422,609,44,366,94
9091,21815,1292,83,1339,69
9092,23084,1666,9,1371,63
9093,17424,468,70,645,44
9094,16185,870,21,328,104
9095,22156,1413,53,1167,116
9096,17272,233,126,920,19
9097,17141,714,29,289,110
9098,19504,1049,17,861,23
9099,22073,1199,106,1279,88
9100,17589,1126,12,827,32
9101,16011,145,158,564,56
9102,19401,1049,17,853,26
9103,15730,327,108,415,86
9104,16447,672,41,1180,5
9105,16881,525,62,981,15
9106,21173,998,160,1083,139
9107,22309,1224,100,1478,34
9108,23440,1332,76,1349,70
9109,23636,1658,9,1147,118
9110,18758,1328,3,1293,5
9111,22906,1637,12,1363,67
9112,19242,610,53,713,36
9113,17720,745,38,57,188
9114,15798,106,164,53,183
9115,22114,1334,71,1279,88
9116,23625,1152,115,1228,96
9117,14445,749,29,495,65
9118,22776,1162,115,1175,107
9119,20038,622,55,282,114
9120,20736,1004,160,910,191
9121,14754,600,47,720,33
9122,20592,1657,3,1332,72
9123,16656,486,72,422,82
9124,19149,561,60,374,93
9125,16079,327,106,541,60
9126,19929,626,57,748,38
9127,18257,288,120,293,115
9128,19246,822,28,646,45
9129,23749,1203,103,858,201
9130,22973,1594,18,1371,66
9131,22435,888,195,1609,14
9132,19522,105,175,231,133
9133,18987,334,100,380,89
9134,15392,1010,13,818,23
9135,17593,215,130,280,112
9136,18570,920,19,879,22
9137,23536,1205,101,995,163
9138,19282,683,43,887,22
9139,22415,1386,60,1034,157
9140,23857,1342,70,1388,59
9141,22270,1153,119,1105,130
9142,22208,1071,142,1193,107
9143,21264,1384,58,1192,109
9144,18422,1254,6,1082,11
9145,16153,554,60,304,114
9146,14462,374,90,886,18
9147,15860,500,66,491,71
9148,16458,992,14,753,29
9149,23581,1251,91,1325,74
9150,17106,1067,13,343,95
9151,18692,924,17,878,22
9152,15219,655,38,329,104
9153,15919,790,28,1173,4
9154,14722,661,39,495,65
9155,19048,106,175,40,196
9156,17163,928,19,343,95
9157,23203,1124,129,1447,44
9158,20779,1378,58,1515,22
9159,23825,1029,155,1147,118
9160,19961,681,47,1012,18
9161,21320,1182,113,1365,62
9162,20104,465,72,260,124
9163,14291,612,45,888,18
9164,18959,501,67,539,62
9165,21487,1101,130,1513,25
9166,16984,134,155,62,182
9167,20861,1305,81,1112,131
9168,20248,435,78,263,123
9169,16605,557,59,374,93
9170,20445,1758,49,2036,12
9171,16252,213,139,149,153
9172,20716,1061,148,1365,63
9173,14777,778,26,476,69
9174,18008,899,22,377,91
9175,22487,1605,14,1273,90
9176,20085,695,45,362,96
9177,21895,1198,107,1249,95
9178,23480,896,192,977,168
9179,17060,213,131,323,100
9180,15034,34,193,133,161
9181,23352,1095,135,1298,81
9182,23617,1000,161,1129,129
9183,20795,1154,121,1004,160
9184,19072,515,68,443,80
9185,22491,1475,36,1339,71
9186,16827,731,36,672,40
9187,18746,878,22,666,42
9188,15539,319,109,430,84
9189,19780,544,65,599,60
9190,22528,1165,113,1415,52
9191,23161,1181,107,970,168
9192,18289,245,134,267,128
9193,15465,607,48,1029,10
9194,19082,96,178,594,52
9195,22510,1606,13,911,186
9196,17717,1496,3,382,85
9197,17830,542,64,312,104
9198,21334,1582,11,1561,16
9199,22688,1512,26,1400,57
9200,20487,1247,95,1328,73
9201,16871,1147,7,762,28
9202,18961,1130,12,99,176
9203,14930,420,81,541,61
9204,22013,1540,23,1381,59
9205,15566,237,134,255,128
9206,19558,188,141,192,139
9207,20833,1616,7,1523,21
9208,14482,909,16,179,141
9209,19206,312,108,515,68
9210,22262,1489,30,1480,34
9211,16335,640,43,679,40
9212,19404,1422,4,704,41
9213,21917,1524,24,1429,50
9214,20289,194,142,311,106
9215,18383,577,54,256,138
9216,18766,842,27,1181,8
9217,19463,560,63,1422,4
9218,17572,352,97,650,47
9219,17031,655,34,341,95
9220,18579,220,146,540,67
9221,19370,965,18,1199,9
9222,14850,781,27,594,49
9223,18307,49,192,44,194
9224,22723,1686,4,1458,40
9225,16176,440,81,603,51
9226,20441,1004,171,1025,167
9227,22756,987,168,1010,162
9228,23257,1145,121,905,188
9229,14768,361,98,523,61
9230,14449,477,70,536,58
9231,17520,243,122,662,45
9232,14592,232,130,924,17
9233,16441,264,120,306,109
9234,14399,401,82,918,15
9235,17762,368,92,807,29
9236,17393,464,71,156,150
9237,21957,1339,69,1034,156
9238,17500,319,104,1499,3
9239,17797,4,207,194,134
9240,22875,907,189,1613,16
9241,21072,1355,67,1286,83
9242,15165,176,148,15,200
9243,15279,616,44,355,99
9244,22469,1515,24,1238,99
9245,19968,784,34,662,51
9246,18921,445,78,314,114
9247,14749,778,26,373,94
9248,18568,29,198,53,191
9249,19964,252,124,136,158
9250,19009,636,46,325,105
9251,17695,182,137,298,106
9252,18947,622,48,384,87
9253,22233,1542,22,1317,77
9254,23413,1648,11,1349,70
9255,20437,2160,4,2041,10
9256,20223,282,115,338,99
9257,20292,840,26,493,66
9258,19684,673,49,893,24
9259,15355,84,174,133,158
9260,15841,592,49,995,15
9261,15769,82,170,36,189
9262,20266,603,50,582,54
9263,16818,1340,2,582,50
9264,19276,1311,7,353,97
9265,14325,198,133,142,150
9266,22967,1165,114,954,175
9267,17505,325,101,141,152
9268,16844,762,28,472,70
9269,16389,598,54,225,134
9270,22562,1321,78,805,209
9271,21166,1737,1,1171,116
9272,23385,1437,50,1339,73
9273,19419,316,112,185,144
9274,18029,501,69,551,61
9275,16055,794,29,460,78
9276,21135,1102,132,1277,86
9277,16711,87,162,68,173
9278,20953,1497,25,1326,71
9279,20769,1367,62,1335,70
9280,17379,342,95,346,93
9281,18344,580,60,333,105
9282,17298,61,178,368,88
9283,22533,1487,32,1404,55
9284,17345,260,120,391,83
9285,16498,670,40,398,90
9286,18015,85,179,111,171
9287,17329,469,71,373,87
9288,14701,119,162,6,198
9289,18906,483,74,549,57
9290,15934,491,71,1080,9
9291,16545,540,61,1513,1
9292,22690,1468,37,1666,5
9293,19360,227,135,460,77
9294,18302,549,63,338,101
9295,21011,1472,35,1222,101
9296,14931,300,110,280,120
9297,17207,700,31,644,36
9298,22858,1238,97,1277,86
9299,22968,1535,23,1424,49
9300,16301,962,18,473,75
9301,18918,839,26,1160,10
9302,18739,751,34,885,20
9303,14411,1131,7,1024,10
9304,18073,537,63,1234,4
9305,15092,550,55,889,19
9306,17616,163,144,224,125
9307,22650,1321,78,1323,76
9308,14638,205,136,81,178
9309,14360,635,42,598,48
9310,18809,800,31,339,107
9311,15352,133,158,332,103
9312,21737,1032,155,912,187
9313,20453,1263,133,1018,168
9314,17121,529,58,304,104
9315,19106,843,25,134,164
9316,20516,1364,62,1409,51
9317,17206,245,125,417,79
9318,14558,599,47,654,39
9319,18813,1584,1,1129,12
9320,19603,195,143,476,74
9321,21463,868,202,1174,112
9322,22016,1174,115,1409,54
9323,14948,383,84,151,154
9324,20741,1000,162,1032,155
9325,22419,1176,112,1265,90
9326,18433,490,73,478,76
9327,21655,1639,6,1551,19
9328,16746,72,173,160,140
9329,23606,1411,57,1455,46
9330,22141,1558,19,1426,50
9331,19994,1446,3,842,27
9332,23888,1134,125,1454,45
9333,22364,842,208,1112,130
9334,18142,713,38,582,55
9335,16237,94,170,138,158
9336,15531,313,112,1349,3
9337,15865,214,138,165,147
9338,23844,903,188,1117,134
9339,16012,329,105,1005,16
9340,18593,605,49,724,35
9341,19669,157,157,118,166
9342,19132,272,123,342,99
9343,21499,1255,94,1589,13
9344,19144,601,51,593,54
9345,23788,1123,130,1461,44
9346,23389,1262,89,1529,28
9347,16782,346,94,715,37
9348,21094,1166,117,1122,128
9349,14812,1101,9,924,18
9350,20976,1560,14,1317,78
9351,21424,1350,67,940,180
9352,22965,1401,58,1144,124
9353,14429,839,22,283,114
9354,21657,987,167,1603,12
9355,18917,490,69,315,114
9356,20518,1306,78,876,203
9357,18654,301,117,573,55
9358,19664,432,78,199,141
9359,15754,392,89,1069,9
9360,22848,1371,66,1467,38
9361,17765,127,159,408,79
9362,17570,379,87,775,35
9363,20663,1035,153,872,203
9364,23666,1215,96,1049,150
9365,22981,1422,51,1621,14
9366,20180,97,176,309,109
9367,18557,974,14,1364,2
9368,17354,207,136,141,154
9369,21136,1493,27,1484,29
9370,21910,1205,105,1186,112
9371,21848,1052,150,913,187
9372,14725,445,77,517,62
9373,17660,1163,9,1508,2
9374,17339,631,42,542,57
9375,18173,403,84,79,180
9376,15623,35,196,13,203
9377,15848,234,130,220,135
9378,22794,1325,75,1280,87
9379,17212,84,169,25,193
9380,20650,1405,52,1376,61
9381,14436,154,149,564,53
9382,16840,755,32,794,25
9383,16579,504,72,217,130
9384,18199,974,17,605,49
9385,21217,1462,37,1516,21
9386,23211,1750,4,1633,14
9387,16738,118,156,72,173
9388,23600,1391,59,1236,93
9389,18258,276,124,410,82
9390,14871,132,158,210,145
9391,23212,933,181,1451,42
9392,22036,1051,151,1104,130
9393,15686,514,66,110,164
9394,17247,270,117,621,44
9395,22720,1639,9,1569,19
9396,18486,285,120,742,37
9397,16586,535,65,248,121
9398,23124,1406,56,1334,75
9399,19338,622,54,825,29
9400,21987,1386,58,1540,23
9401,20241,43,191,226,133
9402,18444,299,112,275,125
9403,21943,1287,85,1226,99
9404,17268,657,38,634,41
9405,19352,538,65,953,19
9406,14834,761,30,455,77
9407,20635,890,199,972,171
9408,21941,1327,74,1220,101
9409,18760,751,34,1077,10
9410,15537,608,46,966,16
9411,23777,1117,133,1046,151
9412,23368,1190,103,1049,150
9413,19755,256,124,184,148
9414,22167,1607,14,1446,45
9415,21261,1615,8,1496,28
9416,18515,263,135,355,94
9417,18253,358,95,881,24
9418,17770,96,174,160,141
9419,16503,87,170,237,131
9420,18625,852,23,637,44
9421,14662,550,58,457,72
9422,14314,354,91,39,185
9423,21516,1315,77,1286,84
9424,21806,1076,138,1001,160
9425,15772,327,108,237,136
9426,23163,1364,65,1309,78
9427,19275,406,86,690,40
9428,20322,930,22,608,48
9429,20622,1634,4,1612,6
9430,14344,433,74,237,123
9431,18374,262,135,134,164
9432,15902,828,22,949,16
9433,17546,1179,8,863,28
9434,23449,1212,98,1337,74
9435,17059,593,44,723,29
9436,14956,1442,1,745,31
9437,19248,551,62,610,54
9438,19243,742,33,551,62
9439,14433,75,178,344,101
9440,23474,1158,113,1210,99
9441,17711,527,64,271,115
9442,22285,1187,104,998,163
9443,21572,1131,126,1069,147
9444,15639,416,87,317,111
9445,15157,296,113,347,100
9446,17802,303,105,517,68
9447,16822,1014,14,710,39
9448,23545,1648,11,1306,77
9449,22952,1135,126,1147,122
9450,18716,292,123,184,155
9451,23537,1277,85,1228,96
9452,14957,931,17,254,131
9453,23493,1072,142,1014,159
9454,21776,1163,119,1299,81
9455,22263,1467,36,1354,66
9456,14392,784,29,273,111
9457,18785,1181,8,846,26
9458,16748,460,73,271,110
9459,21871,1337,72,1111,128
9460,15548,168,148,172,147
9461,20081,467,74,448,75
9462,17503,1179,8,1348,6
9463,21200,1202,108,1482,32
9464,19006,1283,6,841,25
9465,19280,685,41,831,28
9466,23775,1059,146,1001,159
9467,18175,121,172,170,155
9468,19816,524,68,1043,16
9469,17358,115,161,207,137
9470,16260,796,26,533,66
9471,22866,1606,17,1680,7
9472,20370,750,34,536,59
9473,23256,1097,135,1065,142
9474,20391,1125,11,1051,12
9475,14998,541,61,449,76
9476,21948,1252,94,1168,116
9477,22698,1598,16,1523,23
9478,18567,253,138,366,93
9479,20387,685,41,708,37
9480,19332,322,109,370,90
9481,17549,658,46,871,27
9482,23191,964,173,1608,18
9483,19052,500,72,374,94
9484,20742,1733,1,1458,36
9485,16699,917,18,1043,13
9486,19089,852,24,1000,17
9487,17800,145,149,386,83
9488,20372,879,24,1125,11
9489,19943,751,35,551,66
9490,23412,1412,57,1638,14
9491,17009,344,93,507,54
9492,18963,1346,3,762,33
9493,21075,1599,8,1589,10
9494,17308,369,88,434,74
9495,17733,1183,8,523,65
9496,17209,25,193,193,143
9497,18824,608,48,445,78
9498,23147,982,165,1053,149
9499,22329,1558,20,1267,89
9500,23442,1064,142,1151,117
9501,16174,252,127,325,102
9502,20995,1276,87,1111,132
9503,17072,344,93,533,50
9504,16380,824,23,1198,4
9505,16420,733,33,836,21
9506,20750,862,209,969,171
9507,23687,1658,9,1635,13
9508,14990,950,15,217,145
9509,20357,1273,4,473,66
9510,20940,1295,82,1120,127
9511,18345,337,103,623,49
9512,21620,1315,78,1140,124
9513,15930,616,45,751,32
9514,23177,1110,134,1564,20
9515,19737,241,131,1329,4
9516,21371,1151,120,1148,122
9517,20498,1268,90,928,184
9518,22454,1645,6,1155,117
9519,18563,1309,5,784,32
9520,19098,80,183,1081,13
9521,22929,1405,55,1557,20
9522,16918,330,103,547,57
9523,20998,979,170,1726,2
9524,15344,697,33,514,60
9525,18406,139,161,164,156
9526,20624,1240,98,1378,58
9527,17688,160,141,319,101
9528,18148,410,79,286,120
9529,21963,1072,144,1340,70
9530,19543,1266,8,1049,17
9531,23515,955,176,903,189
9532,18834,507,69,491,71
9533,18269,678,39,290,118
9534,15398,135,158,38,190
9535,16451,739,31,405,88
9536,16500,495,71,171,148
9537,15517,126,163,107,172
9538,15280,713,31,385,90
9539,21492,1312,78,950,179
9540,18973,100,175,301,118
9541,18844,199,152,332,114
9542,17495,129,156,646,49
9543,21199,1301,81,1481,33
9544,21665,1435,47,1631,7
9545,23371,1561,20,1298,81
9546,14568,340,99,270,116
9547,20938,1335,69,1258,93
9548,23681,1338,73,1381,62
9549,19771,1059,12,512,70
9550,16894,639,44,872,21
9551,18609,423,81,550,64
9552,21783,1111,128,934,180
9553,23392,1177,106,1478,36
9554,17133,392,83,557,48
9555,17515,90,168,268,115
9556,15691,773,30,650,38
9557,18018,723,35,676,44
9558,14539,248,127,114,162
9559,17974,305,104,1121,11
9560,18241,78,183,602,50
9561,16817,934,16,550,55
9562,18254,198,145,403,84
9563,20119,232,130,90,181
9564,18550,828,25,476,74
9565,15669,323,110,252,130
9566,14921,425,80,268,124
9567,15534,826,23,1167,6
9568,19479,544,66,408,86
9569,16613,361,95,421,85
9570,18245,592,52,293,114
9571,14633,307,107,381,90
9572,19955,418,83,141,157
9573,17461,713,37,705,39
9574,21885,1368,63,1213,102
9575,14453,584,49,554,56
9576,20331,858,25,837,27
9577,23754,1380,63,1371,66
9578,23001,1434,48,1060,144
9579,17637,86,179,88,178
9580,16132,469,79,626,47
9581,23526,1221,97,1264,88
9582,20110,1032,17,752,38
9583,19165,165,156,231,136
9584,23427,1607,16,1551,22
9585,17418,338,96,156,150
9586,20182,878,24,553,59
9587,15448,818,23,1000,14
9588,15087,572,52,909,17
9589,15832,270,117,364,98
9590,16429,743,30,16,200
9591,23349,1127,129,1117,132
9592,19469,179,148,182,147
9593,18939,1173,9,561,60
